id of the run;Costs;Peak Load;Thermal Discomfort;Combined Score
79;[557.13];[147.1];[0.26];[2.01427828]
77;562.21;129.17;0.25;1.8903793185968227
